n,target,width,height,url
10,assets/img/000000000000a42ef85443c4529b4795aa2e4a79-1440x1044.webp,1200,870,https://cms-toolkit-artifacts.artlist.io/content/-t-e-x-t_-t-o_-i-m-a-g-e-v1/media__1/-t-e-x-t_-t-o_-i-m-a-g-e-52af08f7-10c1-42ab-9d69-a016f28f8bda.png?Expires=2105725871&Key-Pair-Id=K2ZDLYDZI2R1DF&Signature=V-s8JU~53ELcDWWwz-DftSG-2r-9cn0uywwAwe3CaTiFbSZJcbUeCsmBgsMQzTnr66w2RCveUWNuT6wFLjTi4YAgeQNbtRWMAPmPjzEWOPgCV~nLftXAbMYDfJEOlZka9CpEZIWl0NYGvY4KAzebEw0A0suD8hEXyYl9H3QZKfPQOAvp9o5Raa6miPjbGmzy5M0QN789VpN8hQlB2mQthZe9di3BPL36aPwgZBjy3MQM9fIUSRkZfMtac0C8jngjA48Mqs643QxT-CIAKc81EEhf1ov0Yx14OQm3Z4jBrC80JnV9u3D1RuwB4mfO4Bxq5H8OftpimWH4pnaIFJxugQ__
13,assets/img/000000000000a824e9bcd800b9c69bf11eab2ddb-1212x809.webp,1200,801,https://cms-toolkit-artifacts.artlist.io/content/-t-e-x-t_-t-o_-i-m-a-g-e-v1/media__1/-t-e-x-t_-t-o_-i-m-a-g-e-a4e3dafa-5c02-45fb-8dca-8b3422861feb.png?Expires=2105725867&Key-Pair-Id=K2ZDLYDZI2R1DF&Signature=GPyi9bYKvKrkS8tUAf2mAOcD39L5SrXghj00TBW3CO1wvy0Ew0qwRywiItTzywe4eHQziFrapQ-fRgloBOrD4FL0Y3DAJRgP7E7xgP9aoLRiYuIq7iUi8D~oND6ZcPONzpV0NFNKTQBBI~~6fzX0TNySPt9982-v07-kp5U-MQMgqfedYvW6ySJbZTSe2~aRzBGIpP5TJE9-tfOCZbpvMLDQEuj5VE0cpevDVCFE5Fhc7vTEkEBjhME4S4myk1LYTQfEYus7HmNoFHM0HkaXuiXW1Y-eiUJbtBHGt9bS522CO5iALCdfy4uJ~9w~r0uQa5cHAHqWkzCXAwoYBhbJSA__
14,assets/img/000000000000e315b008b080ff3ae9e10c43060c-2720x1120.webp,1200,494,https://cms-toolkit-artifacts.artlist.io/content/-t-e-x-t_-t-o_-i-m-a-g-e-v1/media__7/-t-e-x-t_-t-o_-i-m-a-g-e-a1e042b2-9a2c-49aa-9e73-756a1dcd9742.png?Expires=2105725863&Key-Pair-Id=K2ZDLYDZI2R1DF&Signature=CZ1DtGIrh4W9XcORJ7sSTYA2ZOqkQnZijAQ93aloyThoIbLsaFA5wtgLblzAgMb~j3BEjW9NPhYvw61Wo6MxUPeB786ryV22CTAvJFBg9zZ8JYSDpogM1~TaqzcQJOVlnwDYQ2tetUtYyjPiIlOVlT59hdUvgguVJ2BORBusegDoravXAo~OClqCmBl2XAXp3oH1gx7P1SVsYB9jG3Kg1qLM9krBv0aaKdkFX5g6UihBkP1fLmkE2mfHgm85WomIP0wrzFEjZ1uvKtrS7l8khQn8IxtJioODyG8AoFQGabz4n6jx8Jwt4DSOZ3PonF4ewBnXlJhmihIxhJIR8yGSaw__
18,assets/img/0000000000008beb50cc0d027f3bbfcf56563f7e-1128x1128.webp,1200,1200,https://cms-toolkit-artifacts.artlist.io/content/-t-e-x-t_-t-o_-i-m-a-g-e-v1/media__4/-t-e-x-t_-t-o_-i-m-a-g-e-d001feea-99bf-4eac-a29b-0da829129685.png?Expires=2105725879&Key-Pair-Id=K2ZDLYDZI2R1DF&Signature=VZw-xNTneDkvR9Fu72i0nRyhC-braeG0~6y3pNqRbucd3EIMPn3eZ4jGbNzvEIiIsuOCzHrHf-qeHGhw5kJMHtfhP1OMO9P7gLZcYc4g35hXZpWNW5gWHtsKO0yk23BUGgsg6bQgFTm9CKEmcAohBFYbI2Jl96B4yaPC9Hjwkp3ybYhyVMmaRRUCHb0iL~xeFYqAlCaFRzuqXCShh5~NBUr3qKibvKzrMuwRZKEwY9N5dN3EhVrr7v4qmMgYxoICDr-LB--pVRQbtsbJwvGXELhFxVPweENf8BlCW0O5SRtxCQ0coMA0B1QcCzjlrHN8qrG-59PRz30iMWsa0hN4mg__
21,assets/img/000000000000de4f7fc734734b151e2c28c91b09-1360x1360.webp,1200,1200,https://cms-toolkit-artifacts.artlist.io/content/-t-e-x-t_-t-o_-i-m-a-g-e-v1/media__2/-t-e-x-t_-t-o_-i-m-a-g-e-3cd2e39c-bd44-4b8c-99f4-d8b2c232a0f6.png?Expires=2105725885&Key-Pair-Id=K2ZDLYDZI2R1DF&Signature=mpnqRm8FmgulNIrWA52prFGziAEf1jkrhl8tOrbvm95z6Ng1CnqfAIfOWybXaNSjg4F38S5lF~hrrqTnpciu9a0L~G217-8Am90qvH6FiuCzjcQguH3vnveCGqBod5wDPuFPdVUqcS20ote3cJ-9SBTBq6q~6z4jxWqe3KW~jtuatotH8WcPTqdbB3NzKz~x~vqMKfTTa1ByYnaKFL6yUs1ezH1vEAfcW9im7tOAbUAWJBpQ6PadfPz07R7KrUKTIMBBwYWAD1tGH6KbNrXkS7cUqhKkWH3QnQ1mUonCf-hLwRKYicA1yKUAzLxUN-B6DuhbObQwGYocAaWmJvDB9Q__
24,assets/img/0000000000001e6828961e9302186143ffd57109-1360x1360.webp,1200,1200,https://cms-toolkit-artifacts.artlist.io/content/-t-e-x-t_-t-o_-i-m-a-g-e-v1/media__8/-t-e-x-t_-t-o_-i-m-a-g-e-3cf00c4a-198e-4c56-b6fd-09cd3fa92db7.png?Expires=2105725879&Key-Pair-Id=K2ZDLYDZI2R1DF&Signature=NZD~bhCzFNpCKYJYZ~uU3TkblRnioACWnwnGyqZ9kr05rYr4gfPiiZ~AMtbDuLcqFi3Ln8oAaiKoO0L4v-fpsv~TeKf32akY03x3QRWYUqAJkQoEoDVQj~R5B3AM-hpJT5JYoQ5YZiHNgtn1ej5pfq5M2cR26QSzpGw5GrJ6lo9YMTdAVaP-dEqAm50Bow0pS~aiCwMXDwM2oCyRhTJKH2Y166hFNGZCYf03vUG88W2BxYqAyRKWSxVWLT8ZY7Hjsr4apF0wIRSEL7ajMyyhABrk~bEa2FMNpUqJQ6MYWgHjRuL8lNgoELF5354XT5NqAiyKidvIfV63GBe7hpHNgA__
25,assets/img/00000000000085a95c125c4bcf4f33deeb1a0ddf-1128x1128.webp,1200,1200,https://cms-toolkit-artifacts.artlist.io/content/-t-e-x-t_-t-o_-i-m-a-g-e-v1/media__9/-t-e-x-t_-t-o_-i-m-a-g-e-a015cec0-d58f-401e-92a2-b8f614e2fb28.png?Expires=2105725885&Key-Pair-Id=K2ZDLYDZI2R1DF&Signature=fhkG1fgrb7LBxf5-Fw5XqUTee~GB0qoRH6JGqH6vTE4UdaHd3rwz-Znaw4j0R6V5qvU3ur5bA0ofETpamFoY1cNRApktNoLoacu-wjaQlRzWUWkbN-oyzaT2W-8l0etxTiQh3FuLrtd6PSVSF4SH1hE3Otfi6Ueppz-jdbW5mZpUVfC5G9H-vgyH0nD4axUE37a~kYlCzw6j~EIlMlq979wPwD6ntEIaf8YimoHPSrxQdrod9cBSZo7Fj4uNC90yxfDlt7G7W1405yCAkqhumMkn5G-g9gNOkRPjAViow11XiITwx103xmZ0oJ8xHKdPNX1yTC2HQjHQqGTiY2X2sA__
36,assets/img/000000000000e911531e0db08028c4103e84c173-2721x1115.webp,1200,492,https://cms-toolkit-artifacts.artlist.io/content/-t-e-x-t_-t-o_-i-m-a-g-e-v1/media__2/-t-e-x-t_-t-o_-i-m-a-g-e-58f4189e-21fa-4929-9164-bc41d9347744.png?Expires=2105725865&Key-Pair-Id=K2ZDLYDZI2R1DF&Signature=SZpLe938ZnHbYNv8WZdsxkc-m099UGdrShlVct9vrcUcHf4OS5nSvWcWYnUV5zzMNkLB2u~e8s0jU8M6CrlLYzboxiA3njyrxJBe2roxP59vC34wenYUM2O7kEH-FRMhQ8bmP4IjqRlC3Y4mnCmtd0009K-CmYJSt-bVAMnpU0ESuBWGE-R8~~gdzaxpuItyDZLR4KD738tMQtsWLUfk7kq5vGw7tP4WXF7RA3Nq8tQntgvyNhfSOJeaXWnM4Q3uTpKioEnMenTJ8OtYWxzL2tGChCHRavuL4xxu5-~ZFQy15hCXNrlKncbny08ACpM1~FHi768yhNJjdBRvARvT8g__
45,assets/img/000000000000fa2622c8b18702391fa2e96698a8-1360x1360.webp,1200,1200,https://cms-toolkit-artifacts.artlist.io/content/-t-e-x-t_-t-o_-i-m-a-g-e-v1/media__8/-t-e-x-t_-t-o_-i-m-a-g-e-3132e4d5-84e8-46de-aa04-32b11311eac1.png?Expires=2105725897&Key-Pair-Id=K2ZDLYDZI2R1DF&Signature=GMEJmAuFjyHtyZw4CfwQLA81x9WTYSaZNXWng~T2s3kAjFFNTiSgRT4I353~YX01LLNI1YEjDSHtp0FUWACJzj07-Cn4uYxcWPjlPyEzGMqWkyBbvPLZNUqsBsKryaKX6Tf81RWEmh4g8GKrEyRcKaiFcU-qUwwp8BCXUrDhuiuhm-RfTS1RpV~BDE9B7fIxVN3tYqoaIXSYNf4y7d3avyckBhHObGAlKwTLEzlflH8QwG1YU0mrvLLuZn3BTrsigbvMlYa1wnKra0qJUVXIC6zPJKIrJ~UYwKUuCnQaXGQOEVZ0VJfGuNQCTI1bwxQpc~4asQLwU~N8HeIDKh04Kw__
52,assets/img/0000000000002d5bf9f64da63cbd4075f922ac85-1440x1416.webp,1200,1180,https://cms-toolkit-artifacts.artlist.io/content/-t-e-x-t_-t-o_-i-m-a-g-e-v1/media__9/-t-e-x-t_-t-o_-i-m-a-g-e-fc716218-7753-4b84-9021-ab0917fed0a8.png?Expires=2105725916&Key-Pair-Id=K2ZDLYDZI2R1DF&Signature=AGGPg-5TizDxa4wHHJtHFDNUaMk70qqmZhyElKLW68zHK47xv7k2IzelTmKpckcxR5zh-xV5xrXc6L24y0SzhGzEFDlAxnlzTzM97liBSVLObJ82pPzBVvkVyL9Mw7reNnyXOvWvGqObhnkVr5-8YqA-QjeDWSzEKy-w4zNzSZdApMXMthnOyx5b34JYTD-KL81HQ1lrK6auY2CJymHTTn0o1D~c09pYDtLbruFSw3Y422~f2XNZ51YjQ~hE1HjwB12p~8Lig9zhruCveqKxY~t7~h-SMk8NrR3j5mJwnIgF8eakJYsOuzeoz2ABc4DNSq2Xhwe0bU5HxKvKJKAmig__
54,assets/img/000000000000fc168e2c761bdf51be553a83f213-2000x1091.webp,1200,655,https://cms-toolkit-artifacts.artlist.io/content/-t-e-x-t_-t-o_-i-m-a-g-e-v1/media__5/-t-e-x-t_-t-o_-i-m-a-g-e-f612e589-c73f-41c5-90dc-fa24b0d7dcb4.png?Expires=2105725910&Key-Pair-Id=K2ZDLYDZI2R1DF&Signature=WrX1luyKHN8GdWO9LJBANc8WTNBKetcuHeSOPcp0HdaVMTiFr5585Xg3Wb3hEj8MJ5AEq36Mi5ImPheP~c18ANj~~3Au~nM3427LraZSw7iGmHOFzv1juqgoDyzpiMeHWqdxVeai~t4AFPGDvtUC2qPpLYryVzIMaJIbd1ocJawInT48ubFJ0I09Gn6153eoiy~1LqSLsjO25Jqa3nADAzhLTrFC~~Qn~nQ3gecSZHba4afnsfXB38Jk~3rPBeV182ovY-X6H1cQdEJDson7QRfGwo2APXm-tHAiRUU~RcWooVijaEmni-gSVVxvpdyb4kHrKeN~c9UxaHDSvYIfGg__
55,assets/img/0000000000001f715ae8570c2a3a716949a3068a-2720x1115.webp,1200,492,https://cms-toolkit-artifacts.artlist.io/content/-t-e-x-t_-t-o_-i-m-a-g-e-v1/media__9/-t-e-x-t_-t-o_-i-m-a-g-e-e48cbc4b-67f9-40bd-a7e7-abb3db3298e4.png?Expires=2105725901&Key-Pair-Id=K2ZDLYDZI2R1DF&Signature=ukm81fVa-hWs2dfU7~P8n4zxv4ymB6DZRvNV9kwUmhHBB~-AzNGAEnG20HECoL0aKOGbFZJJh2TVEWvHf6nDSRDQhz-997chtem1Rt-g1k5Zq6JsUnqVA2IuTyOIe0hYLQXE0LXflwRg~sgzGkqTffwHRox~Ot7S3CAuVXQOqQmYTyyJKoNU4idjNh6UDPsxCLXlfOrrlSc74ww3Nr0tN4hRademcoONSw2sL0qiBMntgOx6GJSdjU8RfSFqRHzK~qAJwZTUCznhz0zml3C~yC~ZfXlZlEHdf5qUwxnjU3ZS2h~GDetoQeAZghsZHYbOHlh~AF8VMIwWtAQIZ-KsQg__
57,assets/img/000000000000b400fe5a47c2b2e9a78872cfc6c0-2720x1114.webp,1200,491,https://cms-toolkit-artifacts.artlist.io/content/-t-e-x-t_-t-o_-i-m-a-g-e-v1/media__10/-t-e-x-t_-t-o_-i-m-a-g-e-9a3d6cc8-759f-48f9-a163-9d12d5a6e1bb.png?Expires=2105725910&Key-Pair-Id=K2ZDLYDZI2R1DF&Signature=WnAsCTAZiUxl2wxq~2y9tVsUXLgb1g7na-y9082nBzxUOBeTySKA-RfcwvsXITi~P5DzF~pb~ywHyQGCXJcBUVikhjEaVyXqG5kxKbJirf93dnC84tTXp9PjMBRrMgoHugA~VZSvrZQmkanBL4n3E5FLXggC4nq6DasncXeE3JX~S8qePj15qTMFl9qy-ffvQaINfksVBH8NzAzowmRG75vMFF1DY~5ox6PmpLMB-qZvWu9bNc6z5Vgfr6fMFCIU-zj6eTLRhWkOX9SvzQz0hUaDuTShro1HxGcU9EQ7yRgr5kgYfjb6Lip~azdqH4Rvmq7Y0ncJbfAMQe7ooXpTzQ__
62,assets/img/00000000000094b082974ceb66df8ab564ac35c0-2000x1091.webp,1200,655,https://cms-toolkit-artifacts.artlist.io/content/-t-e-x-t_-t-o_-i-m-a-g-e-v1/media__6/-t-e-x-t_-t-o_-i-m-a-g-e-a0eb5e9c-38ca-4d66-8144-2353b4c2cbd6.png?Expires=2105725901&Key-Pair-Id=K2ZDLYDZI2R1DF&Signature=dlv6ZKNyftCNCgG7wU2zp3eLlc8EJ~c6CjU3Jc9vUxI7CoHOQuNyzFLpPm3CZOYNclzPHe4IKzMsSgbWOJh2M~WM-pI327oM5yjj5jGOxUvbq~2SV9c5bE99QGbltf4aAcxdx07xZ4vSUqtmndVeYTuqwOletWId8HXBOJBa-q0f1-ql3WzQzhHAMaGlX-AasSdyJ-7f5PjV7FMFejgSLuVSdGcbjqqrLZ85GfAxM9ZHsSTPWy~Oup9gl~-MbhAkWrLmCmo2CMoU32KH3xUGuyxAxqST-1HylGpWWItwn-EqCfbXCkZLwMWNsgKne4gjbK8QhR4zzKgVI4yXlvEEDA__
63,assets/img/000000000000e19ab10ca554e81345d94975673f-1360x1360.webp,1200,1200,https://cms-toolkit-artifacts.artlist.io/content/-t-e-x-t_-t-o_-i-m-a-g-e-v1/media__1/-t-e-x-t_-t-o_-i-m-a-g-e-3eb446dd-4968-4c59-a10b-c3c42231e176.png?Expires=2105725918&Key-Pair-Id=K2ZDLYDZI2R1DF&Signature=WtXo-NUtnbqNxNU0f~T1es82uPZd~rAeTSsS~yZbK3QQR9TMKoxTWhPWtOcsCa2dPlk-XRwp-wl1ZZ0k~EQnr0jIVXTaoLSes-WiK7IMd3pCZs-QUGbaWOZ56hnS0GvdTzeer8qbatwjnwe~eQALUMBvmR2fq4Jqh7csnr6y4WZffeP-uLemNPOyQZ~wK80JddkS4FC2EzxTzNKnmMkgR~F1ZXnadx-X6~IOFEjN3k~J00-CzQWiiAGqV8-NkHYjyyK1k87f4CCTAxHq~CKBXfmuGF3qf-~tRYbMBavYDHFgr~4kH~o9IlA5CXDE9BAyCq5F9Kc1DspzcJhbw0lP2Q__
73,assets/img/00000000000026a782577d12dcef400aa494e567-1128x1128.webp,1200,1200,https://cms-toolkit-artifacts.artlist.io/content/-t-e-x-t_-t-o_-i-m-a-g-e-v1/media__7/-t-e-x-t_-t-o_-i-m-a-g-e-4ee9c183-2851-4dc4-85c9-0870c937df5b.png?Expires=2105725918&Key-Pair-Id=K2ZDLYDZI2R1DF&Signature=uQ-7O0myihQrE69nXbupKOakabO3sqLwSIkx~4M3tVighJw1dXtYZ7v1A1WoiFym9rPFDpNqlzlROz85C9JXomHFyzi95DSDA-wP04VUu-MPdjZmp9g75t~-ngMDS05jekbBXEefw64ScX9Tvqa9w1zM8VkjSW4U-iGhgI741TwsyuYun5Slftzs6OSzQ3pG4ZlPi6kgHjTzYpWOXt5tl2U12l1~EbF-Niok8Lni1GDYLxaDeVYk7piq9m9A-q6vR-576HXa4WHHtd7to~GDtjzNoKEJ8qvCFTUvimgmIYEH1vwOi8wxXDPBtgdriKhf5HMVD17L36tLKvi4oZtO3Q__
74,assets/img/000000000000b9bc1bb3bb74a18d8c4ed1ceb865-1128x1128.webp,1200,1200,https://cms-toolkit-artifacts.artlist.io/content/-t-e-x-t_-t-o_-i-m-a-g-e-v1/media__9/-t-e-x-t_-t-o_-i-m-a-g-e-487dd3fa-2b80-4113-9200-d4bc27f06237.png?Expires=2105725929&Key-Pair-Id=K2ZDLYDZI2R1DF&Signature=HbHcROoPLfUs5DyCW37oyGTFk~jUx3o16U~GZNjTF1V6Sm7r~g1hE2nSWHz1wXTtQfU19j9phwDiYUF6417gIBa31i1hzGun74CiV7ELVdoQgHHtCfB~qq1rrKs6fsECa9YEquLv4NWzB~KIkZglbvf1hcuWrGvxiTeSFc-~ktZtDwEPPv52Z3LekdV2zzcEtcJQlKdwUpMhGPZ2tlx8laQiGiJesz2nDeIsC5iJJuijhD~icBqzge1tpSMi6q-HiSWOtL4f~~yAYyzetQy6W31o1SFwo7sUdKPQLVP375JrzkezW3T~2xgqQRN4CN6soYOiqtF1E0ZLN-J8zQyAsg__
77,assets/img/000000000000a2bfd19e8cb6c591719f2b35c023-1128x1128.webp,1200,1200,https://cms-toolkit-artifacts.artlist.io/content/-t-e-x-t_-t-o_-i-m-a-g-e-v1/media__7/-t-e-x-t_-t-o_-i-m-a-g-e-f64eaece-1296-4d35-830e-d10d78e6cad9.png?Expires=2105725918&Key-Pair-Id=K2ZDLYDZI2R1DF&Signature=lgDP6ui8k382wA260okcasx5nd5su8ILea~faOjkbvyNQUJNd6CdD-a2pWijRl-CHnfF71mEUBiLR8nT2zvSFdNiVRkSPP6CLAo4e-D7I1gk6tIQkg-aSUJpTY88ZM5Ftpr8j1lUeJMBp00u8gtBRhsrx-3gF217oh1oA9NNQp-VA7HNxPJwy1LrcJPp2a-Ka4LIzcfvvDibuAIouGHGMoFemg1vGW~xcNJajdrMnTTenQrDVudIG-qHZ1X09cdeY2zEECYyoR-HKWOdxUg0kW9xqd-h~BoYf3wdQKXELxpwUQxM9~LxFD8kvSL~ajVr1D5~HUcBvza3wxoG-aBcOQ__
79,assets/img/000000000000bf5aed995cfe61a6ad0fe03be0d8-2000x1091.webp,1200,655,https://cms-toolkit-artifacts.artlist.io/content/-t-e-x-t_-t-o_-i-m-a-g-e-v1/media__9/-t-e-x-t_-t-o_-i-m-a-g-e-5e2bb379-a5c3-4999-9351-41046b28e0b0.png?Expires=2105725952&Key-Pair-Id=K2ZDLYDZI2R1DF&Signature=rvgETyvbMFsx0IXQ0V8F69DzGE8XN3Mk9cWM2DY26XC3hiLoOZTiXDQ4a6bB5tHlURQXhVtj1Bpp~c3OpVpec3mYqGPqQvVME-5yrtma936d6gj5PAQJfG7UtoQsnFFgkvkBqw6XR1QIHAr1beXLL0rGwnkLGNkCFyGCCrlGGcI4gP-Kt~gnrYXg83Im3-l-nX6iBcT-z2eyZrKJV0xEUbYHOhRd1WzkUb1r9sYaJPAHIAl6rp4Cys-y7CVuuF6cDYZcv4OJlXRz5QIyS1CEG95R9vZH3SXzKEnVGqua-XnpoI4cv9Od82AdHq3IRnR9uS8e4-mRtzpuvv9c6bxOlA__
82,assets/img/00000000000033a0068dca339aba3135a3c5482e-1360x1360.webp,1200,1200,https://cms-toolkit-artifacts.artlist.io/content/-t-e-x-t_-t-o_-i-m-a-g-e-v1/media__6/-t-e-x-t_-t-o_-i-m-a-g-e-9a400d35-e3e5-405e-93c1-59a48381ed0c.png?Expires=2105725955&Key-Pair-Id=K2ZDLYDZI2R1DF&Signature=0AuraaWatu4gSeTjePZDzZ~~rbA4CbBskAvivRAznh5eI-8AuxnUv8O~3pHVc5XDApCGsBeTEcUKQcONMpzkozBLDt9Bnb1QN1G-jrcTWRPC2FopudRqxOu1erM2ND1yTcH8OXrYg1AEsIlswgoVQnyfWLzZW3vOU3HH4A~Qlb~-Ed9Ahuh9ge2-lQbLSGXWK2WFGNzgEHBfBN4vDds3QnTj8x-QJSEXp9LJ80Ifj5UYYFe6CTfXzElm~pYOmbniNYnIEWpzl8naAY50rz6ttwRc762sZC96G69GOHCnZOPvbEChI20zom2ZKjg6KCV49h5AQV1rAqbXTIFVUGpMsg__
84,assets/img/0000000000003af3aea0ed30b58eaccf0e90be66-1128x1128.webp,1200,1200,https://cms-toolkit-artifacts.artlist.io/content/-t-e-x-t_-t-o_-i-m-a-g-e-v1/media__8/-t-e-x-t_-t-o_-i-m-a-g-e-6cdebcc6-9d24-4a46-8f53-d6c4f31b7d8a.png?Expires=2105725953&Key-Pair-Id=K2ZDLYDZI2R1DF&Signature=QFzEIkKAh7iwpzroMtGREhkTvVuBgxTcelMCwle6-gKlKk8XBiQTebma0YuiISspVzdhXvuOrQ1B~WyXIFvHyQ7NsxE75sUeMJ6GesKsCesLtO7THtAMsUgItgETx4gJggHmkSnVzQpIVYCSGE-n9HmOzksV4c8XnDqT4mSr1CVEgFkOglOhsVzbvIgeAxPpVm4LJBftKL-tUNMBU003EAzzDyB~Me0BkeKGXbgk85cusYI2QS63-KnlfP3xDryesrhoxkisnqaOAJsVOXozNzd1Y7sii4fwT20WQPLMomkYHX8Qr5iDO9XnV0yhi0j~Oj0FqTeNv4kq2w1byLgPHg__
98,assets/img/000000000000cd3d204a7c2d2de2000fc6157c0d-1360x1360.webp,1200,1200,https://cms-toolkit-artifacts.artlist.io/content/-t-e-x-t_-t-o_-i-m-a-g-e-v1/media__7/-t-e-x-t_-t-o_-i-m-a-g-e-83b62023-e501-4685-b139-ee0c6002a616.png?Expires=2105725955&Key-Pair-Id=K2ZDLYDZI2R1DF&Signature=bvVn6OHA1O8ulFtKFYIrdY8rkqpvbPyz3vkOlYmh9iWqf4QBKTYOYsOWFE1Z7pmzw-bnOUv8-M85wOhwrM-Mccwwal8Lf3jgynPeQXyQAqzzdk-M2W58OxMy~frSRHZU-VoYBhOE30L5GpFWpUgQsjzmU51jVg-Pta3k9poBpgUbrcdDg4WCR5A1fa7GasL5SyH~l6QmHyUqYXVUlJW16ZWgPwAXPifiDI1bNvJ-3SJofwUprX55Lsa-xnRyTZ2PQFdPdWaxQz-B2FIihU4GAuV5nNkYffx233BKbpxUf~KmHMtgWWeAL~VJHo5IpAuzN1E~7xOCIBWO467PL3vJdw__
99,assets/img/000000000000aec5c593b5fefc178ba03f22bbd6-1360x1360.webp,1200,1200,https://cms-toolkit-artifacts.artlist.io/content/-t-e-x-t_-t-o_-i-m-a-g-e-v1/media__2/-t-e-x-t_-t-o_-i-m-a-g-e-29dffbb2-02fa-4b07-9191-cc15e0eb7d7c.png?Expires=2105726024&Key-Pair-Id=K2ZDLYDZI2R1DF&Signature=dGabwOHoUcZw3y-vf18zn81nGEmdfvGLEMpoH~lrXH~Ell53cpKFJhGWpqi3fbFCl3UmwYTtaFjlrKPvzv4BMUCWLBb6UXT1nXO5yC-kZ2scvKoTTx8glntoCCZViBLArao1Gy496hTaemaGG6DD57YCDMT7-0GpeYQpD9LpVSHPfNKrYPiYL59J6dczZeq7s2RJbOhyTdxoN~a~HoHqGz-jartG6oYRH8sFiKKi46Dj00aaCAK8LWwE~YwdhCQDhJdyFpuircjC8Vy9IgDIFzeFNheMMPU2whoBEubffMY8lNMCGul14cGrmtzc4u1K1PfWuFsDvUtcVjmGvObfLg__
100,assets/img/000000000000ffc17ccf439fe04fe342c81e11b6-880x560.webp,1200,764,https://cms-toolkit-artifacts.artlist.io/content/-t-e-x-t_-t-o_-i-m-a-g-e-v1/media__9/-t-e-x-t_-t-o_-i-m-a-g-e-1353435e-11ba-4bd7-bd92-662a1d015b64.png?Expires=2105725955&Key-Pair-Id=K2ZDLYDZI2R1DF&Signature=Lm9O8hEjOKqEPMhbQOrxEmRLqwd9nM~cdsFMYfx3mqpXpj0pAg0AbqFqOUheDbcwdnWW3-GCNmfSDaymUbYKnzJAWhqo4qKvmZfJFZLO582wnPZJ-em1SmcVv5m3N3A3xLgYZDiUFBj5udWmiapMOV3kSiXehp4z5fVx4xAQgO8HbXp0iVsgOZvRjf6Anx2TA4YciDDa-pzxKCn4Lhxeh3Tj7mkWEYEDhudAuS6rIu3S3gSpWjZT17HmnFEcIIVo5~03uarXruF1LXiM2PJ7eKsxuOtBQmtNFI25ud1pnxkotcKSyItpyRjpQ0ijMbwbp1WTsEvd9UaJTGZRpKvC7w__
102,assets/img/0000000000008561fee90adf3b40bf69f1ec3b58-1360x1360.webp,1200,1200,https://cms-toolkit-artifacts.artlist.io/content/-t-e-x-t_-t-o_-i-m-a-g-e-v1/media__5/-t-e-x-t_-t-o_-i-m-a-g-e-69054291-f54f-45f3-965c-9717d94158b7.png?Expires=2105725957&Key-Pair-Id=K2ZDLYDZI2R1DF&Signature=WvnSLOTA2k~AP7IXAXiClXkfYzeWlvfduqbC3yo5Vu0mkSI0-2MwNVDC6lHWZXX1ZmNg9egloSfwgDFm1kRTA3MTlWCb0nGQZ2ucdkNjavL2c8nh585gaXgCC6shiycrmlWupPc4DtSuEdg9H-snpekMlLN0Tr8CEzWuqu0iXqPpTz~ggQ6eXStHdpBOdmsoMNHJWiBJscBjelv4sAxFez~1UOw2YGCK2lGxFOjERxBRvsSCG~34ernCX05q69JRisFI7DrrBNlZ7QouuCrIhBaqd4tLH4lrkx2N91gmEveHUnLN-gz1amEonG20WFuXmPDUstqsc8z5yDDAX8stIw__
111,assets/img/0000000000005a365f105b938e9abecb40d2ff8d-1128x1128.webp,1200,1200,https://cms-toolkit-artifacts.artlist.io/content/-t-e-x-t_-t-o_-i-m-a-g-e-v1/media__5/-t-e-x-t_-t-o_-i-m-a-g-e-cc84c1e6-0ea0-49e6-9c04-5347e8e9437b.png?Expires=2105725967&Key-Pair-Id=K2ZDLYDZI2R1DF&Signature=Mx7A7ALlaKVn8ksU4GYtkqmCzh1HGiTA6O3IQBcXsBnvj5MsrREuBrzUgKHEYieq67IMcLpACypkPQx25rL4SfMxeDhGtaqWJxpIEehQXHLjuzmvucYg0K-cwm8DCKk15zb4hIUJvH~kU61zphD6n5h6wQJjA5bZ7kzINzOpaYQ~DJrDtNQzmHxNikYtgdn9Ql3y1HVcrNwHnTnpQVYHLcjmoDfuLXohJzDiLK9ddtc6OEnw11sotrI9e0k9jQsc9v301bcGhoXvK4Xyj3gpymHMhsi-WnqHFwxax0gIeiFbNDBDkWBenFiOgwi3~9xLk4DHOIvzVnd6pyH~IgLQBA__
121,assets/img/0000000000003367cb023bd0a5405f084c1f4e35-1128x1128.webp,1200,1200,https://cms-toolkit-artifacts.artlist.io/content/-t-e-x-t_-t-o_-i-m-a-g-e-v1/media__5/-t-e-x-t_-t-o_-i-m-a-g-e-a8a99b46-1cf0-4098-9bc5-608363667b88.png?Expires=2105725966&Key-Pair-Id=K2ZDLYDZI2R1DF&Signature=AGY~ovDdTbD0BUaYD2lD6UV-cD17IefQQYloEJE2uiLqadeUUslNWebBDN3V66BeBHmZl~81uPIlMviC07C~zJ4nDdfOO0I8-MMdQ7VWXKlAbJLvzWRwCsPD--Qq9N4rh0VyykZBD58z8xpHJ1gfV2qQTPVYEjfAzJkxoc04EXhggcy1kmG-rkavNs7iERjc548iQ1S-H~9dYUGnqr62rb8lBNdWlnLfVKdlz11ihajA-Pv~BEh1ELTZWx29Jlc0Jl56iUjfTgNNbOxbmX3fjAq5fZGS8tWZ-xsrFwnG9-m8TevWnCUSSgHtwEOtbcWtxnjlm4eXpN-0vxo~wjTGmg__
